platform,date,mention,author,sentiment,engagement,content
twitter,2026-04-09,@user1,JohnDoe,positive,45,"Love this product! Best purchase ever."
twitter,2026-04-09,@user2,JaneSmith,negative,12,"Not happy with the quality, stopped working after a week"
reddit,2026-04-08,r/electronics,User123,neutral,89,"Has anyone tried this speaker? Looking for honest reviews"
instagram,2026-04-08,#xyzspeaker,PhotoLover,positive,234,"Check out my new setup! Sound is amazing"
twitter,2026-04-07,@user3,TechFan,neutral,23,"Just bought this, will update after testing"
reddit,2026-04-07,r/headphones,AudioGeek,positive,156,"Great value for money, highly recommend"
youtube,2026-04-06,VideoComment,ReviewerPro,positive,78,"Better than expected, detailed review coming soon"
twitter,2026-04-06,@user4,UnhappyCust,negative,34,"Customer service is terrible, avoid this brand"
facebook,2026-04-05,GroupPost,MomShopper,positive,67,"My kids love it! Perfect for our camping trips"
instagram,2026-04-05,#audio,GadgetFan,positive,189,"Sleek design and great sound quality"
